317,\x2f322f312f,2013-12-29 13:51:58.103+00
318,\x2f322f312f,2013-12-29 13:51:58.103+00
319,\x2f322f312f,2013-12-29 13:51:58.103+00
506,\x2f332f312f,2013-12-29 13:51:58.103+00
506,\x2f332f322f,2013-12-29 13:51:58.103+00
514,\x2f332f342f,2013-12-29 13:51:58.12+00
515,\x2f332f342f,2013-12-29 13:51:58.12+00
516,\x2f332f342f,2013-12-29 13:51:58.12+00
517,\x2f332f342f,2013-12-29 13:51:58.12+00
518,\x2f332f342f,2013-12-29 13:51:58.12+00
519,\x2f332f342f,2013-12-29 13:51:58.12+00
520,\x2f332f342f,2013-12-29 13:51:58.12+00
521,\x2f332f342f,2013-12-29 13:51:58.12+00
522,\x2f332f342f,2013-12-29 13:51:58.12+00
928,\x2f322f312f,2013-12-29 13:51:58.103+00
929,\x2f322f312f,2013-12-29 13:51:58.103+00
930,\x2f322f312f,2013-12-29 13:51:58.103+00
931,\x2f322f312f,2013-12-29 13:51:58.103+00
932,\x2f322f312f,2013-12-29 13:51:58.103+00
933,\x2f322f312f,2013-12-29 13:51:58.103+00
934,\x2f322f312f,2013-12-29 13:51:58.103+00
935,\x2f332f332f,2013-12-29 13:51:58.103+00
936,\x2f332f332f,2013-12-29 13:51:58.103+00
937,\x2f332f332f,2013-12-29 13:51:58.103+00
938,\x2f332f332f,2013-12-29 13:51:58.103+00
939,\x2f332f332f,2013-12-29 13:51:58.103+00
940,\x2f332f332f,2013-12-29 13:51:58.103+00
941,\x2f332f332f,2013-12-29 13:51:58.103+00
977,\x2f312f312f,2013-12-29 13:51:58.103+00
997,\x2f312f312f,2013-12-29 13:51:58.103+00
998,\x2f312f312f,2013-12-29 13:51:58.103+00
999,\x2f312f312f,2013-12-29 13:51:58.12+00
